216-51-1025,(09)-5580-7527,Memphis (Tennessee),Single,Marco Goodman,1988-06-30
116-51-1291,(07)-2905-7818,Buffalo (New York),Married,Roxanne Kerns,1974-11-27
177-44-1159,(09)-5062-6922,Detroit (Michigan),Single,Regina Lauritzen,1969-07-27
116-81-1883,(03)-1350-7402,Chandler (Arizona),Divorced,Howard Samsel,1989-11-26
429-83-1156,(09)-5794-9470,Scottsdale (Arizona),Married,Gabriel Kingston,1978-05-05
381-54-1605,(05)-5330-5036,Albuquerque (New Mexico),Single,Carrie Bigelow,1982-05-02
224-99-1262,(05)-3339-3262,Milwaukee (Wisconsin),Married,Nichelle Thaxton,1988-01-02
301-25-1394,(07)-4370-8507,Houston (Texas),Single,Joaquin Yap,1972-11-12
323-51-1535,(03)-5179-6500,Las Vegas (Nevada),Married,Yu Kittredge,1978-01-22
216-85-1367,(07)-2905-9114,Saint Paul (Minnesota),Divorced,Tania Raley,1973-12-16
166-82-1605,(09)-6473-4208,Irvine (California),Married,Demetrius Fry,1975-03-27
116-54-1259,(04)-3468-6535,San Bernardino (California),Divorced,Jake Vansant,1980-02-01
224-55-1496,(03)-8685-6502,Aurora (Colorado),Common-Law,Tamesha Lawlor,1983-10-02
177-44-1054,(08)-5902-5867,El Paso (Texas),Single,Millie Lasher,1976-03-29
320-54-1856,(04)-3858-1079,Houston (Texas),Divorced,Lilly Macdonald,1983-09-07
144-25-1448,(09)-5179-2725,Durham (North Carolina),Divorced,Gerald Glynn,1985-07-07
144-54-1840,(03)-7508-9910,Orlando (Florida),Single,Felipe Malpass,1982-06-08
224-25-1891,(05)-9333-5713,Las Vegas (Nevada),Divorced,Wallace Lowery,1971-12-19
216-82-1048,(04)-1199-9661,Las Vegas (Nevada),Married,Pedro Welch,1972-05-07
116-93-1394,(05)-9333-4606,Tampa (Florida),Married,Betty Fitzhugh,1973-08-12
279-81-1912,(08)-2905-8942,Winstonâ€“Salem (North Carolina),Single,Lauren Seifert,1977-10-07
425-82-1851,(03)-5794-3345,Aurora (Colorado),Married,Livia Castillo,1972-02-26
339-74-1545,(08)-4858-6766,Atlanta (Georgia),Married,Leland Scully,1975-07-25
368-83-1054,(05)-7508-4870,Omaha (Nebraska),Married,Elton Castellanos,1975-10-08
339-82-1442,(09)-5854-7191,Henderson (Nevada),Single,Sondra Pike,1980-06-25
391-55-1442,(05)-6865-1079,Baton Rouge (Louisiana),Divorced,Laquita Murrin,1984-04-21
177-23-1359,(07)-5854-6781,St. Louis (Missouri),Single,Gigi Ragland,1977-01-27
238-81-1227,(03)-9999-9910,Laredo (Texas),Common-Law,Ronald Signorelli,1977-06-13
287-74-1145,(03)-5794-9130,Fremont (California),Single,Wilson Upshaw,1976-02-21