empleado_id;celular;direccion;email;telefono
43996734;16061004-1139;1872 Metus. St.;Aliquam.fringilla.cursus@risusquisdiam.edu;(984) 331-0597
70632172;16100808-1778;P.O. Box 994, 9433 Auctor. Rd.;erat@vestibulumMauris.com;(924) 376-8385
71292369;16391109-8964;Ap #782-4900 Aliquet Street;nec.enim.Nunc@tinciduntDonec.com;(462) 877-2851
71315954;16690313-7252;P.O. Box 790, 8788 Enim St.;aliquet@tinciduntnunc.ca;(105) 344-1929
1037099359;16050607-8112;Ap #815-1770 Venenatis Rd.;rutrum.non@mauris.co.uk;(883) 418-7393
71697256;16260722-7697;2255 Rutrum. Rd.;eu.euismod.ac@turpisnecmauris.org;(642) 318-6456
1152443179;16360110-5830;Ap #685-9881 Ac Street;nec.urna@orciDonec.com;(469) 773-0300
71756023;16340625-4973;P.O. Box 742, 2525 Aliquam Ave;nec.mollis.vitae@pede.edu;(578) 674-8032
71790070;16681107-4324;607-5064 Nibh. Av.;Integer.in@egestasblanditNam.ca;(637) 294-8440
71791205;16580604-0829;Ap #229-8889 Lectus Rd.;leo.in.lobortis@blanditmattis.net;(348) 936-8574
71792023;16851108-4066;439-9050 Magna. Rd.;natoque.penatibus.et@FuscefeugiatLorem.com;(745) 669-8543
97571695;16751207-3847;578 Iaculis, Road;eleifend.nunc.risus@lectusquis.edu;(867) 936-7558
97663439;16310312-9924;245-5614 Dui. Avenue;lectus.sit@Curabitur.co.uk;(452) 908-8423
1014226376;16891117-1919;Ap #257-301 Magnis St.;in@vitae.ca;(100) 700-8357
1017132659;16470909-6244;Ap #716-5481 Risus. Street;ultrices.a.auctor@amet.net;(262) 113-2770
1017223992;16051021-3879;3020 Vulputate Av.;laoreet.ipsum@dictumeu.edu;(643) 626-6458
1035419453;16130306-2689;4661 Mauris Rd.;vitae.posuere@purus.net;(394) 202-1731
1036612972;16900413-9649;P.O. Box 964, 569 Nec, Ave;eget.mollis@turpisAliquam.net;(138) 731-2760
1037572521;16131005-6195;P.O. Box 637, 4720 Felis Av.;arcu.Vestibulum.ante@ullamcorperDuis.edu;(965) 486-3764
1094904931;16740807-4586;9006 Elementum, St.;dui.Cum@Duisatlacus.edu;(632) 121-6484
